898,Tata_Motors,India,0.4290115124203117,Automobile
436,Hindustan_Aeronautics_Limited,India,0.5806899872400613,Aircraft
596,Maruti_Suzuki,India,0.6632532913004998,Automobile
596,Maruti_Suzuki,India,0.6632532913004998,AutomobileEngine
586,Mahindra_&_Mahindra,India,0.7168797303530388,Automobile
97,Ashok_Leyland,India,0.7552516865491112,Automobile
437,Hindustan_Motors,India,0.7844422226382627,Automobile
947,United_Breweries_Group,India,0.8076066669535248,Beverage
755,Raj_Hamsa_Ultralights,India,0.8265664763059934,Aircraft
349,Force_Motors,India,0.8424557915808197,Automobile
967,Vehicle_Factory_Jabalpur,India,0.8560223267976378,Automobile
865,Spice_Digital,India,0.8677815847930187,Device
587,Mahindra_REVA,India,0.8781019978005734,Automobile
303,Eicher_Motors,India,0.887254796651436,Automobile
702,Parle_Agro,India,0.8954446644803061,Beverage
127,Bajaj_Auto,India,0.902829350893351,Automobile
76,Amrut_Distilleries,India,0.9095326557749184,Beverage
633,Mohan_Meakin,India,0.9156532778521327,Beverage
74,Amkette,India,0.9212709991417529,InformationAppliance
550,Lava_International,India,0.926451103929165,Device
1018,YU_Televentures,India,0.9312475984536739,Device
896,Tara_International,India,0.9357055978406889,Automobile
774,Ringing_Bells_Private_Limited,India,0.9398631233758168,Device
483,Intex_Technologies,India,0.9437524748599934,Device
448,Huawei,China,0.4290115124203117,InformationAppliance
448,Huawei,China,0.4290115124203117,Device
208,Chengdu_Aircraft_Industry_Group,China,0.5806899872400613,Aircraft
1016,Xiaomi,China,0.6632532913004998,InformationAppliance
1016,Xiaomi,China,0.6632532913004998,Device
609,Meizu,China,0.7168797303530388,InformationAppliance
609,Meizu,China,0.7168797303530388,Device
830,Shenyang_Aircraft_Corporation,China,0.7552516865491112,Aircraft
677,OnePlus,China,0.7844422226382627,Device
423,Harbin_Aircraft_Industry_Group,China,0.8076066669535248,Aircraft
1015,Xi'an_Aircraft_Industrial_Corporation,China,0.8265664763059934,Aircraft
209,Chery,China,0.8424557915808197,Automobile
465,IQue,China,0.8560223267976378,InformationAppliance
227,Comac,China,0.8677815847930187,Aircraft
125,BYD_Auto,China,0.8781019978005734,Automobile
213,China_Aerospace_Science_and_Technology_Corporation,China,0.887254796651436,Rocket
213,China_Aerospace_Science_and_Technology_Corporation,China,0.887254796651436,Aircraft
444,Hongdu_Aviation_Industry_Group,China,0.8954446644803061,Aircraft
406,Great_Wall_Motors,China,0.902829350893351,Automobile
203,Changhe_Aircraft_Industries_Corporation,China,0.9095326557749184,Aircraft
826,Shaanxi_Aircraft_Corporation,China,0.9156532778521327,Aircraft
890,TCL_Corporation,China,0.9212709991417529,Device
553,Lenovo,China,0.926451103929165,InformationAppliance
553,Lenovo,China,0.926451103929165,Device
777,Roewe,China,0.9312475984536739,Automobile
212,China_Aerospace_Science_and_Industry_Corporation,China,0.9357055978406889,Aircraft
168,Brilliance_Auto,China,0.9398631233758168,Automobile
287,Dongfeng_Honda,China,0.9437524748599934,Automobile
379,Geely,China,0.9474012918711371,Automobile
559,Lifan_Group,China,0.9508333839704997,Automobile
414,Guangqi_Honda,China,0.9540693870376405,Automobile
38,Ainol,China,0.957127287188027,InformationAppliance
1027,ZTE,China,0.9600228427274348,Device
503,Jiangling_Motors,China,0.962769926792288,Automobile
254,DJI_(company),China,0.9653808077120881,InformationAppliance
182,CSR_Corporation_Limited,China,0.9678663800430949,Train
112,Aviation_Industry_Corporation_of_China,China,0.9702363562121535,Aircraft
319,FAW-Volkswagen,China,0.9724994264685214,Automobile
1022,Yuneec_International,China,0.9746633931564606,Aircraft
361,Foton_Motor,China,0.9767352840424578,Automobile
131,Baojun,China,0.978721448451811,Automobile
647,Nanjing_Automobile,China,0.9806276392135471,Automobile
215,China_CNR_Corporation,China,0.9824590828247652,Train
445,Hongqi_(marque),China,0.9842205397848932,Automobile
548,Landwind,China,0.9859163566869954,Automobile
771,Riich,China,0.9875505113647566,Automobile
1023,Yutong,China,0.9891266521632982,Automobile
214,China_Aviation_Industry_General_Aircraft,China,0.9906481322167943,Aircraft
419,Hafei,China,0.9921180394662169,Automobile
828,Shanghai_Maple,China,0.9935392230290344,Automobile
318,FAW-GM,China,0.9949143164334739,Automobile
1019,Yingli,China,0.9962457581486162,Aircraft
1020,Youngman,China,0.9975358097745606,Automobile
585,Magna_Steyr,Austria,0.4290115124203117,Automobile
760,Red_Bull_GmbH,Austria,0.5806899872400613,Beverage
508,KTM,Austria,0.6632532913004998,Automobile
508,KTM,Austria,0.6632532913004998,MotorsportSeason
508,KTM,Austria,0.6632532913004998,SportsSeason
874,Steyr-Daimler-Puch,Austria,0.7168797303530388,Automobile
315,Europe_Sails,Austria,0.7552516865491112,Aircraft
746,Puch,Austria,0.7844422226382627,Automobile
253,DCC_Doppelmayr_Cable_Car,Austria,0.8076066669535248,Train
932,Trixy_Aviation_Products,Austria,0.8265664763059934,Aircraft
468,Ikarbus,Bosnia_and_Herzegovina,0.4290115124203117,Automobile
468,Ikarbus,Bosnia_and_Herzegovina,0.4290115124203117,Aircraft
323,Fabrika_automobila_Priboj,Bosnia_and_Herzegovina,0.5806899872400613,Automobile
952,Utva_Aviation_Industry,Bosnia_and_Herzegovina,0.6632532913004998,Aircraft
661,Niki_Rotor_Aviation,Bulgaria,0.4290115124203117,Aircraft
773,Rimac_Automobili,Croatia,0.4290115124203117,Automobile
256,DOK-ING,Croatia,0.5806899872400613,Automobile
191,Carlsberg_Group,Denmark,0.4290115124203117,Beverage
620,Microsoft_Mobile,Finland,0.4290115124203117,Device
958,Valmet,Finland,0.5806899872400613,Aircraft
958,Valmet,Finland,0.5806899872400613,Train
842,Sisu_Auto,Finland,0.6632532913004998,Automobile
758,Rautaruukki,Finland,0.7168797303530388,Train
960,Valtion_lentokonetehdas,Finland,0.7552516865491112,Aircraft
959,Valmet_Automotive,Finland,0.7844422226382627,Automobile
956,VR_Group,Finland,0.8076066669535248,Train
964,Vanajan_Autotehdas,Finland,0.8265664763059934,Automobile
506,Jolla,Finland,0.8424557915808197,InformationAppliance
342,FlyNano,Finland,0.8560223267976378,Aircraft
957,VTech,Hong_Kong,0.4290115124203117,InformationAppliance
478,Infiniti,Hong_Kong,0.5806899872400613,Automobile
478,Infiniti,Hong_Kong,0.5806899872400613,MotorsportSeason
478,Infiniti,Hong_Kong,0.5806899872400613,SportsSeason
294,EACA,Hong_Kong,0.6632532913004998,InformationAppliance
489,Israel_Aerospace_Industries,Israel,0.4290115124203117,Rocket
489,Israel_Aerospace_Industries,Israel,0.4290115124203117,Aircraft
350,Ford-Vairogs,Latvia,0.4290115124203117,Automobile
776,Rocket_Lab,New_Zealand,0.4290115124203117,Rocket
832,Short_Brothers,Northern_Ireland,0.4290115124203117,Aircraft
880,Strømmens_Værksted,Norway,0.4290115124203117,Train
459,Høka,Norway,0.5806899872400613,Train
86,Arcus_(company),Norway,0.6632532913004998,Beverage
460,I-mate,Oman,0.4290115124203117,Device
989,W_Motors,Oman,0.5806899872400613,Automobile
802,ST_Aerospace,Singapore,0.4290115124203117,Aircraft
722,Pipistrel,Slovenia,0.4290115124203117,Aircraft
928,Tovarna_avtomobilov_Maribor,Slovenia,0.5806899872400613,Automobile
718,Pilatus_Aircraft,Switzerland,0.4290115124203117,Aircraft
569,Logitech,Switzerland,0.5806899872400613,InformationAppliance
2,ABB_Group,Switzerland,0.6632532913004998,Train
656,Nestlé,Switzerland,0.7168797303530388,Beverage
848,Société_Anonyme_des_Ateliers_de_Sécheron,Switzerland,0.7552516865491112,Train
887,Swiss_Space_Systems,Switzerland,0.7844422226382627,Rocket
293,Dätwyler,Switzerland,0.8076066669535248,Aircraft
981,Volkswagen_Trucks_and_Buses,Brazil,0.4290115124203117,Automobile
476,Indústria_Aeronáutica_Neiva,Brazil,0.5806899872400613,Aircraft
838,Simca_do_Brasil,Brazil,0.6632532913004998,Automobile
618,Microleve,Brazil,0.7168797303530388,Aircraft
352,Ford_Brasil,Brazil,0.7552516865491112,Automobile
908,Tectoy,Brazil,0.7844422226382627,InformationAppliance
35,Aerotec,Brazil,0.8076066669535248,Aircraft
386,General_Motors_do_Brasil,Brazil,0.8265664763059934,Automobile
1012,XMobots,Brazil,0.8424557915808197,Aircraft
907,Tecnologia_Automotiva_Catarinense,Brazil,0.8560223267976378,Automobile
978,Volkswagen,Germany,0.4290115124203117,Automobile
978,Volkswagen,Germany,0.4290115124203117,MotorsportSeason
978,Volkswagen,Germany,0.4290115124203117,AutomobileEngine
978,Volkswagen,Germany,0.4290115124203117,SportsSeason
124,BMW,Germany,0.5806899872400613,Automobile
124,BMW,Germany,0.5806899872400613,MotorsportSeason
124,BMW,Germany,0.5806899872400613,AutomobileEngine
124,BMW,Germany,0.5806899872400613,SportsSeason
611,Mercedes-Benz,Germany,0.6632532913004998,Automobile
611,Mercedes-Benz,Germany,0.6632532913004998,MotorsportSeason
611,Mercedes-Benz,Germany,0.6632532913004998,AutomobileEngine
611,Mercedes-Benz,Germany,0.6632532913004998,SportsSeason
427,Heinkel,Germany,0.7168797303530388,Automobile
427,Heinkel,Germany,0.7168797303530388,Aircraft
679,Opel,Germany,0.7552516865491112,Automobile
679,Opel,Germany,0.7552516865491112,MotorsportSeason
679,Opel,Germany,0.7552516865491112,AutomobileEngine
679,Opel,Germany,0.7552516865491112,SportsSeason
613,Messerschmitt,Germany,0.7844422226382627,Automobile
613,Messerschmitt,Germany,0.7844422226382627,Aircraft
102,Audi,Germany,0.8076066669535248,Automobile
102,Audi,Germany,0.8076066669535248,MotorsportSeason
102,Audi,Germany,0.8076066669535248,AutomobileEngine
102,Audi,Germany,0.8076066669535248,SportsSeason
730,Porsche,Germany,0.8265664763059934,Automobile
730,Porsche,Germany,0.8265664763059934,MotorsportSeason
730,Porsche,Germany,0.8265664763059934,SportsSeason
347,Focke-Wulf,Germany,0.8424557915808197,Aircraft
264,Daimler_AG,Germany,0.8560223267976378,Automobile
264,Daimler_AG,Germany,0.8560223267976378,AutomobileEngine
359,Ford_of_Europe,Germany,0.8677815847930187,Automobile
359,Ford_of_Europe,Germany,0.8677815847930187,AutomobileEngine
833,Siemens,Germany,0.8781019978005734,InformationAppliance
833,Siemens,Germany,0.8781019978005734,Device
833,Siemens,Germany,0.8781019978005734,Train
263,Daimler-Benz,Germany,0.887254796651436,Automobile
263,Daimler-Benz,Germany,0.887254796651436,AutomobileEngine
614,Messerschmitt-Bölkow-Blohm,Germany,0.8954446644803061,Aircraft
614,Messerschmitt-Bölkow-Blohm,Germany,0.8954446644803061,Train
979,Volkswagen_Commercial_Vehicles,Germany,0.902829350893351,Automobile
431,Henschel_&_Son,Germany,0.9095326557749184,Aircraft
431,Henschel_&_Son,Germany,0.9095326557749184,Train
353,Ford_Germany,Germany,0.9156532778521327,Automobile
57,Alexander_Schleicher_GmbH_&_Co,Germany,0.9212709991417529,Aircraft
416,HQM_Sachsenring_GmbH,Germany,0.926451103929165,Automobile
749,Quattro_GmbH,Germany,0.9312475984536739,Automobile
106,Auto_Union,Germany,0.9357055978406889,Automobile
409,Grob_Aircraft,Germany,0.9398631233758168,Aircraft
514,Karmann,Germany,0.9437524748599934,Automobile
655,Neoplan,Germany,0.9474012918711371,Automobile
580,MAN_Truck_&_Bus,Germany,0.9508333839704997,Automobile
162,Borgward,Germany,0.9540693870376405,Automobile
162,Borgward,Germany,0.9540693870376405,Aircraft
162,Borgward,Germany,0.9540693870376405,MotorsportSeason
162,Borgward,Germany,0.9540693870376405,SportsSeason
980,Volkswagen_Group,Germany,0.957127287188027,Automobile
980,Volkswagen_Group,Germany,0.957127287188027,AutomobileEngine
579,MAN_SE,Germany,0.9600228427274348,Automobile
579,MAN_SE,Germany,0.9600228427274348,Train
847,Smart_(automobile),Germany,0.962769926792288,Automobile
788,Ruf_Automobile,Germany,0.9653808077120881,Automobile
340,Flight_Design,Germany,0.9678663800430949,Aircraft
365,Fresh_Breeze,Germany,0.9702363562121535,Aircraft
994,Weser_Flugzeugbau,Germany,0.9724994264685214,Aircraft
255,DKW,Germany,0.9746633931564606,Automobile
255,DKW,Germany,0.9746633931564606,MotorsportSeason
255,DKW,Germany,0.9746633931564606,SportsSeason
132,Bautek,Germany,0.9767352840424578,Aircraft
510,Kaiserliche_Werft_Danzig,Germany,0.978721448451811,Aircraft
387,Genesi,Germany,0.9806276392135471,InformationAppliance
87,Argus_Motoren,Germany,0.9824590828247652,Aircraft
597,Maschinenfabrik_Esslingen,Germany,0.9842205397848932,Train
986,Vossloh,Germany,0.9859163566869954,Train
105,AutoGyro_GmbH,Germany,0.9875505113647566,Aircraft
165,Brabus,Germany,0.9891266521632982,Automobile
446,Horch,Germany,0.9906481322167943,Automobile
770,Rhein-Flugzeugbau,Germany,0.9921180394662169,Aircraft
335,Finsterwalder,Germany,0.9935392230290344,Aircraft
549,Lanitz_Aviation,Germany,0.9949143164334739,Aircraft
779,Roland_Aircraft,Germany,0.9962457581486162,Aircraft
470,Impuls,Germany,0.9975358097745606,Aircraft
731,PowerTrike,Germany,0.998786572201442,Aircraft
94,Artega_Automobile,Germany,1.0,Automobile
396,Glasflügel,Germany,1.0,Aircraft
1026,ZF_Friedrichshafen,Germany,1.0,Automobile
1035,Üstra,Germany,1.0,Train
856,Solid_Air_UL-Bau_Franz,Germany,1.0,Aircraft
845,Skyrider_Flugschule,Germany,1.0,Aircraft
993,Weller_Flugzeugbau,Germany,1.0,Aircraft
836,Silent_Family,Germany,1.0,Aircraft
602,Maybach,Germany,1.0,Automobile
61,Alpina,Germany,1.0,Automobile
0,9ff,Germany,1.0,Automobile
511,Kaiserliche_Werft_Kiel,Germany,1.0,Aircraft
390,Getrag,Germany,1.0,Automobile
488,Isdera,Germany,1.0,Automobile
685,Ostmecklenburgische_Flugzeugbau,Germany,1.0,Aircraft
1017,XtremeAir,Germany,1.0,Aircraft
905,TechArt,Germany,1.0,Automobile
283,Deutz_AG,Germany,1.0,AutomobileEngine
473,Indonesian_Aerospace,Indonesia,0.4290115124203117,Aircraft
472,IndoMobil_Suzuki_International,Indonesia,0.5806899872400613,Automobile
858,Sony,Japan,0.4290115124203117,InformationAppliance
858,Sony,Japan,0.4290115124203117,Device
929,Toyota,Japan,0.5806899872400613,Automobile
929,Toyota,Japan,0.5806899872400613,MotorsportSeason
929,Toyota,Japan,0.5806899872400613,AutomobileEngine
929,Toyota,Japan,0.5806899872400613,SportsSeason
825,Sega,Japan,0.6632532913004998,InformationAppliance
825,Sega,Japan,0.6632532913004998,Game
517,Kawasaki_Heavy_Industries,Japan,0.7168797303530388,Aircraft
517,Kawasaki_Heavy_Industries,Japan,0.7168797303530388,Train
442,Honda,Japan,0.7552516865491112,InformationAppliance
442,Honda,Japan,0.7552516865491112,Automobile
442,Honda,Japan,0.7552516865491112,Aircraft
442,Honda,Japan,0.7552516865491112,MotorsportSeason
442,Honda,Japan,0.7552516865491112,AutomobileEngine
442,Honda,Japan,0.7552516865491112,SportsSeason
663,Nissan,Japan,0.7844422226382627,Automobile
663,Nissan,Japan,0.7844422226382627,Rocket
663,Nissan,Japan,0.7844422226382627,MotorsportSeason
663,Nissan,Japan,0.7844422226382627,AutomobileEngine
663,Nissan,Japan,0.7844422226382627,SportsSeason
440,Hitachi,Japan,0.8076066669535248,Train
630,Mitsubishi_Motors,Japan,0.8265664763059934,Automobile
630,Mitsubishi_Motors,Japan,0.8265664763059934,MotorsportSeason
630,Mitsubishi_Motors,Japan,0.8265664763059934,AutomobileEngine
630,Mitsubishi_Motors,Japan,0.8265664763059934,SportsSeason
525,Kinki_Sharyo,Japan,0.8424557915808197,Train
629,Mitsubishi_Heavy_Industries,Japan,0.8560223267976378,Automobile
629,Mitsubishi_Heavy_Industries,Japan,0.8560223267976378,Rocket
629,Mitsubishi_Heavy_Industries,Japan,0.8560223267976378,Aircraft
629,Mitsubishi_Heavy_Industries,Japan,0.8560223267976378,Train
603,Mazda,Japan,0.8677815847930187,Automobile
603,Mazda,Japan,0.8677815847930187,MotorsportSeason
603,Mazda,Japan,0.8677815847930187,AutomobileEngine
603,Mazda,Japan,0.8677815847930187,SportsSeason
885,Suzuki,Japan,0.8781019978005734,Automobile
885,Suzuki,Japan,0.8781019978005734,AutomobileEngine
882,Subaru,Japan,0.887254796651436,Automobile
882,Subaru,Japan,0.887254796651436,AutomobileEngine
130,Bandai,Japan,0.8954446644803061,InformationAppliance
626,Mitsubishi,Japan,0.902829350893351,Automobile
626,Mitsubishi,Japan,0.902829350893351,Aircraft
626,Mitsubishi,Japan,0.902829350893351,MotorsportSeason
626,Mitsubishi,Japan,0.902829350893351,Train
626,Mitsubishi,Japan,0.902829350893351,SportsSeason
556,Lexus,Japan,0.9095326557749184,Automobile
556,Lexus,Japan,0.9095326557749184,MotorsportSeason
556,Lexus,Japan,0.9095326557749184,SportsSeason
643,NEC,Japan,0.9156532778521327,InformationAppliance
261,Daihatsu,Japan,0.9212709991417529,Automobile
516,Kawasaki_Aerospace_Company,Japan,0.926451103929165,Aircraft
518,Kawasaki_Heavy_Industries_Rolling_Stock_Company,Japan,0.9312475984536739,Train
829,Sharp_Corporation,Japan,0.9357055978406889,InformationAppliance
829,Sharp_Corporation,Japan,0.9357055978406889,Device
450,Hudson_Soft,Japan,0.9398631233758168,InformationAppliance
695,Panasonic,Japan,0.9437524748599934,InformationAppliance
695,Panasonic,Japan,0.9437524748599934,Device
367,Fujitsu,Japan,0.9474012918711371,InformationAppliance
367,Fujitsu,Japan,0.9474012918711371,Device
815,Sanyo,Japan,0.9508333839704997,InformationAppliance
438,Hino_Motors,Japan,0.9540693870376405,Automobile
438,Hino_Motors,Japan,0.9540693870376405,AutomobileEngine
801,SNK,Japan,0.957127287188027,InformationAppliance
736,Prince_Motor_Company,Japan,0.9600228427274348,Automobile
736,Prince_Motor_Company,Japan,0.9600228427274348,AutomobileEngine
196,Casio,Japan,0.962769926792288,InformationAppliance
927,Toshiba,Japan,0.9653808077120881,InformationAppliance
927,Toshiba,Japan,0.9653808077120881,Device
927,Toshiba,Japan,0.9653808077120881,Train
628,Mitsubishi_Fuso_Truck_and_Bus_Corporation,Japan,0.9678663800430949,Automobile
201,Central_Motors,Japan,0.9702363562121535,Automobile
63,Alps_Electric,Japan,0.9724994264685214,InformationAppliance
269,Datsun,Japan,0.9746633931564606,Automobile
269,Datsun,Japan,0.9746633931564606,MotorsportSeason
269,Datsun,Japan,0.9746633931564606,SportsSeason
720,Pioneer_Corporation,Japan,0.9767352840424578,InformationAppliance
190,Capcom,Japan,0.978721448451811,InformationAppliance
940,UD_Trucks,Japan,0.9806276392135471,Automobile
13,Acura,Japan,0.9824590828247652,Automobile
13,Acura,Japan,0.9824590828247652,MotorsportSeason
13,Acura,Japan,0.9824590828247652,SportsSeason
490,Isuzu_Motors,Japan,0.9842205397848932,Automobile
627,Mitsubishi_Electric,Japan,0.9859163566869954,Device
627,Mitsubishi_Electric,Japan,0.9859163566869954,Train
631,Mitsuoka,Japan,0.9875505113647566,Automobile
646,Namco,Japan,0.9891266521632982,InformationAppliance
464,IHI_Corporation,Japan,0.9906481322167943,Rocket
519,Kayaba_Industry,Japan,0.9921180394662169,Aircraft
595,Marubeni,Japan,0.9935392230290344,Train
526,Kirin_Company,Japan,0.9949143164334739,Beverage
610,Melco,Japan,0.9962457581486162,InformationAppliance
756,Ralliart,Japan,0.9975358097745606,Automobile
300,East_Japan_Railway_Company,Japan,0.998786572201442,Train
926,Tomy,Japan,1.0,Game
189,Canon_Inc.,Japan,1.0,InformationAppliance
530,Komatsu_Limited,Japan,1.0,Automobile
728,Polyphony_Digital,Japan,1.0,Automobile
371,GEN_Corporation,Japan,1.0,Aircraft
211,Chichibu_Railway,Japan,1.0,Train
262,Daiichi_Kosho_Company,Japan,1.0,Aircraft
95,Asahi_Breweries,Japan,1.0,Beverage
599,Mastretta,Mexico,0.4290115124203117,Automobile
968,Vehículos_Automotores_Mexicanos,Mexico,0.5806899872400613,Automobile
692,Pakistan_Aeronautical_Complex,Pakistan,0.4290115124203117,InformationAppliance
692,Pakistan_Aeronautical_Complex,Pakistan,0.4290115124203117,Aircraft
15,Adam_Motor_Company,Pakistan,0.5806899872400613,Automobile
797,SATUMA,Pakistan,0.6632532913004998,Aircraft
816,Sarao_Motors,Philippines,0.4290115124203117,Automobile
814,San_Miguel_Corporation,Philippines,0.5806899872400613,Beverage
714,Philippine_Aerospace_Development_Corporation,Philippines,0.6632532913004998,Aircraft
935,Tupolev,Russia,0.4290115124203117,Aircraft
883,Sukhoi,Russia,0.5806899872400613,Aircraft
513,Kamov,Russia,0.6632532913004998,Aircraft
370,GAZ,Russia,0.7168797303530388,Automobile
985,Voronezh_Aircraft_Production_Association,Russia,0.7552516865491112,Aircraft
531,Komsomolsk-on-Amur_Aircraft_Production_Association,Russia,0.7844422226382627,Aircraft
119,AvtoVAZ,Russia,0.8076066669535248,Automobile
144,Beriev,Russia,0.8265664763059934,Aircraft
207,Chemical_Automatics_Design_Bureau,Russia,0.8424557915808197,Rocket
945,United_Aircraft_Corporation,Russia,0.8560223267976378,Aircraft
1032,ZiL,Russia,0.8677815847930187,Automobile
8,AZLK,Russia,0.8781019978005734,Automobile
638,Moskvitch,Russia,0.887254796651436,Automobile
939,UAZ,Russia,0.8954446644803061,Automobile
111,Aviastroitel,Russia,0.902829350893351,Aircraft
789,Russian_Helicopters,Russia,0.9095326557749184,Aircraft
41,Airbridge_(ultralight_aircraft_manufacturer),Russia,0.9156532778521327,Aircraft
893,TagAZ,Russia,0.9212709991417529,Automobile
154,Boeing,United_States,0.4290115124203117,Automobile
154,Boeing,United_States,0.4290115124203117,Rocket
154,Boeing,United_States,0.4290115124203117,Aircraft
155,Boeing_Commercial_Airplanes,United_States,0.5806899872400613,Aircraft
81,Apple_Inc.,United_States,0.6632532913004998,InformationAppliance
566,Lockheed_Corporation,United_States,0.7168797303530388,Rocket
566,Lockheed_Corporation,United_States,0.7168797303530388,Aircraft
567,Lockheed_Martin,United_States,0.7552516865491112,Rocket
567,Lockheed_Martin,United_States,0.7552516865491112,Aircraft
402,Google,United_States,0.7844422226382627,InformationAppliance
288,Douglas_Aircraft_Company,United_States,0.8076066669535248,Rocket
288,Douglas_Aircraft_Company,United_States,0.8076066669535248,Aircraft
605,McDonnell_Douglas,United_States,0.8265664763059934,Rocket
605,McDonnell_Douglas,United_States,0.8265664763059934,Aircraft
354,Ford_Motor_Company,United_States,0.8424557915808197,Automobile
354,Ford_Motor_Company,United_States,0.8424557915808197,Aircraft
354,Ford_Motor_Company,United_States,0.8424557915808197,MotorsportSeason
354,Ford_Motor_Company,United_States,0.8424557915808197,AutomobileEngine
354,Ford_Motor_Company,United_States,0.8424557915808197,SportsSeason
339,Flextronics,United_States,0.8560223267976378,InformationAppliance
339,Flextronics,United_States,0.8560223267976378,Device
59,Alliant_Techsystems,United_States,0.8677815847930187,Rocket
59,Alliant_Techsystems,United_States,0.8677815847930187,Aircraft
593,Martin_Marietta,United_States,0.8781019978005734,Rocket
593,Martin_Marietta,United_States,0.8781019978005734,Aircraft
914,The_Coca-Cola_Company,United_States,0.887254796651436,Beverage
210,Chevrolet,United_States,0.8954446644803061,Automobile
210,Chevrolet,United_States,0.8954446644803061,MotorsportSeason
210,Chevrolet,United_States,0.8954446644803061,AutomobileEngine
210,Chevrolet,United_States,0.8954446644803061,SportsSeason
156,"Boeing_Defense,_Space_&_Security",United_States,0.902829350893351,Aircraft
916,Thiokol,United_States,0.9095326557749184,Rocket
950,United_Space_Alliance,United_States,0.9156532778521327,Rocket
667,Northrop_Corporation,United_States,0.9212709991417529,Aircraft
202,Cessna,United_States,0.926451103929165,Aircraft
835,Sikorsky_Aircraft,United_States,0.9312475984536739,Aircraft
234,Convair,United_States,0.9357055978406889,Rocket
234,Convair,United_States,0.9357055978406889,Aircraft
140,Bell_Helicopter,United_States,0.9398631233758168,Aircraft
411,Grumman,United_States,0.9437524748599934,Automobile
411,Grumman,United_States,0.9437524748599934,Aircraft
382,General_Dynamics,United_States,0.9474012918711371,Rocket
382,General_Dynamics,United_States,0.9474012918711371,Aircraft
229,Commodore_International,United_States,0.9508333839704997,InformationAppliance
948,United_Launch_Alliance,United_States,0.9540693870376405,Rocket
948,United_Launch_Alliance,United_States,0.9540693870376405,Aircraft
217,Chrysler,United_States,0.957127287188027,Automobile
217,Chrysler,United_States,0.957127287188027,Rocket
217,Chrysler,United_States,0.957127287188027,Aircraft
217,Chrysler,United_States,0.957127287188027,MotorsportSeason
217,Chrysler,United_States,0.957127287188027,AutomobileEngine
217,Chrysler,United_States,0.957127287188027,SportsSeason
397,Glenn_L._Martin_Company,United_States,0.9600228427274348,Rocket
397,Glenn_L._Martin_Company,United_States,0.9600228427274348,Aircraft
385,General_Motors,United_States,0.962769926792288,Automobile
385,General_Motors,United_States,0.962769926792288,Aircraft
385,General_Motors,United_States,0.962769926792288,AutomobileEngine
640,Motorola_Mobility,United_States,0.9653808077120881,InformationAppliance
640,Motorola_Mobility,United_States,0.9653808077120881,Device
67,Amazon.com,United_States,0.9678663800430949,InformationAppliance
708,PepsiCo,United_States,0.9702363562121535,Device
708,PepsiCo,United_States,0.9702363562121535,Beverage
136,Beechcraft,United_States,0.9724994264685214,Aircraft
101,"Atari,_Inc.",United_States,0.9746633931564606,InformationAppliance
604,McDonnell_Aircraft,United_States,0.9767352840424578,Aircraft
861,SpaceX,United_States,0.978721448451811,Rocket
619,Microsoft,United_States,0.9806276392135471,InformationAppliance
245,Curtiss-Wright,United_States,0.9824590828247652,Aircraft
721,Piper_Aircraft,United_States,0.9842205397848932,Aircraft
496,Jaguar_Cars,United_States,0.9859163566869954,Automobile
496,Jaguar_Cars,United_States,0.9859163566869954,MotorsportSeason
496,Jaguar_Cars,United_States,0.9859163566869954,AutomobileEngine
496,Jaguar_Cars,United_States,0.9859163566869954,SportsSeason
246,Curtiss_Aeroplane_and_Motor_Company,United_States,0.9875505113647566,Aircraft
1030,Zeebo_Inc.,United_States,0.9891266521632982,InformationAppliance
820,Scaled_Composites,United_States,0.9906481322167943,Aircraft
461,IBM,United_States,0.9921180394662169,InformationAppliance
184,Cadillac,United_States,0.9935392230290344,Automobile
184,Cadillac,United_States,0.9935392230290344,MotorsportSeason
184,Cadillac,United_States,0.9935392230290344,AutomobileEngine
184,Cadillac,United_States,0.9935392230290344,SportsSeason
374,GMC_(automobile),United_States,0.9949143164334739,Automobile
71,American_Motors,United_States,0.9962457581486162,Automobile
71,American_Motors,United_States,0.9962457581486162,MotorsportSeason
71,American_Motors,United_States,0.9962457581486162,AutomobileEngine
71,American_Motors,United_States,0.9962457581486162,SportsSeason
290,Dr_Pepper_Snapple_Group,United_States,0.9975358097745606,Beverage
729,Pontiac,United_States,0.998786572201442,Automobile
729,Pontiac,United_States,0.998786572201442,MotorsportSeason
729,Pontiac,United_States,0.998786572201442,AutomobileEngine
729,Pontiac,United_States,0.998786572201442,SportsSeason
547,Land_Rover,United_States,1.0,Automobile
547,Land_Rover,United_States,1.0,AutomobileEngine
424,Hasbro,United_States,1.0,InformationAppliance
424,Hasbro,United_States,1.0,Game
179,Buick,United_States,1.0,Automobile
179,Buick,United_States,1.0,MotorsportSeason
179,Buick,United_States,1.0,AutomobileEngine
179,Buick,United_States,1.0,SportsSeason
562,Lincoln_Motor_Company,United_States,1.0,Automobile
694,"Palm,_Inc.",United_States,1.0,InformationAppliance
694,"Palm,_Inc.",United_States,1.0,Device
623,Milton_Bradley_Company,United_States,1.0,InformationAppliance
623,Milton_Bradley_Company,United_States,1.0,Game
674,Oldsmobile,United_States,1.0,Automobile
674,Oldsmobile,United_States,1.0,MotorsportSeason
674,Oldsmobile,United_States,1.0,AutomobileEngine
674,Oldsmobile,United_States,1.0,SportsSeason
612,Mercury_(automobile),United_States,1.0,Automobile
28,Aerojet_Rocketdyne,United_States,1.0,Rocket
23,AeroVironment,United_States,1.0,Aircraft
225,Coleco,United_States,1.0,InformationAppliance
672,Oculus_VR,United_States,1.0,InformationAppliance
425,Hawker_Beechcraft,United_States,1.0,Aircraft
717,Piasecki_Helicopter,United_States,1.0,Aircraft
759,Raytheon,United_States,1.0,Aircraft
724,Plymouth_(automobile),United_States,1.0,Automobile
563,Ling-Temco-Vought,United_States,1.0,Aircraft
688,PARC_(company),United_States,1.0,InformationAppliance
512,Kaman_Aircraft,United_States,1.0,Aircraft
327,Fairchild_Semiconductor,United_States,1.0,InformationAppliance
205,Chase_Aircraft,United_States,1.0,Aircraft
645,NUMMI,United_States,1.0,Automobile
875,Stinson_Aircraft_Company,United_States,1.0,Aircraft
480,Insitu,United_States,1.0,Aircraft
653,NeXT,United_States,1.0,InformationAppliance
990,Waco_Aircraft_Company,United_States,1.0,Aircraft
921,Tiger_Electronics,United_States,1.0,InformationAppliance
808,Saleen,United_States,1.0,Automobile
433,Hewlett-Packard,United_States,1.0,InformationAppliance
433,Hewlett-Packard,United_States,1.0,Device
1001,Willys,United_States,1.0,Automobile
1001,Willys,United_States,1.0,AutomobileEngine
129,Bally_Manufacturing,United_States,1.0,InformationAppliance
881,Studebaker,United_States,1.0,Automobile
219,Cirrus_Aircraft,United_States,1.0,Aircraft
1013,Xerox,United_States,1.0,InformationAppliance
278,Dell,United_States,1.0,InformationAppliance
278,Dell,United_States,1.0,Device
651,Navistar_International,United_States,1.0,Automobile
651,Navistar_International,United_States,1.0,AutomobileEngine
680,Oracle_Corporation,United_States,1.0,InformationAppliance
133,Beam_Suntory,United_States,1.0,Beverage
901,Taylorcraft_Aircraft,United_States,1.0,Aircraft
449,Hudson_Motor_Car_Company,United_States,1.0,Automobile
648,Nash_Motors,United_States,1.0,Automobile
648,Nash_Motors,United_States,1.0,MotorsportSeason
648,Nash_Motors,United_States,1.0,SportsSeason
50,Airdrome_Aeroplanes,United_States,1.0,Aircraft
434,Hiller_Aircraft,United_States,1.0,Aircraft
909,Teledyne_Technologies,United_States,1.0,InformationAppliance
891,TRW_Inc.,United_States,1.0,Aircraft
30,Aeronca_Aircraft,United_States,1.0,Aircraft
143,Bensen_Aircraft,United_States,1.0,Aircraft
691,Packard,United_States,1.0,Automobile
691,Packard,United_States,1.0,Aircraft
669,Nvidia,United_States,1.0,InformationAppliance
819,Sazerac_Company,United_States,1.0,Beverage
544,Lancair,United_States,1.0,Aircraft
583,Mack_Trucks,United_States,1.0,Automobile
583,Mack_Trucks,United_States,1.0,Train
443,Honda_Aircraft_Company,United_States,1.0,Aircraft
681,Orbital_Sciences_Corporation,United_States,1.0,Rocket
447,Howard_Aircraft_Corporation,United_States,1.0,Aircraft
29,Aeromarine,United_States,1.0,Aircraft
537,Kyocera_Communications,United_States,1.0,Device
175,Brown-Forman,United_States,1.0,Beverage
552,LeapFrog_Enterprises,United_States,1.0,InformationAppliance
1008,Worlds_of_Wonder_(toy_company),United_States,1.0,InformationAppliance
701,Parker_Brothers,United_States,1.0,Game
273,DeSoto_(automobile),United_States,1.0,Automobile
338,Fleetwings,United_States,1.0,Aircraft
380,General_Atomics,United_States,1.0,Aircraft
231,Compaq,United_States,1.0,InformationAppliance
231,Compaq,United_States,1.0,Device
817,Saturn_Corporation,United_States,1.0,Automobile
817,Saturn_Corporation,United_States,1.0,AutomobileEngine
482,International_Harvester,United_States,1.0,Automobile
482,International_Harvester,United_States,1.0,AutomobileEngine
384,General_Electric,United_States,1.0,Rocket
384,General_Electric,United_States,1.0,Train
925,Tommo_Inc.,United_States,1.0,InformationAppliance
744,Proximo_Spirits,United_States,1.0,Beverage
198,Caterpillar_Inc.,United_States,1.0,Automobile
198,Caterpillar_Inc.,United_States,1.0,Device
879,Stroukoff_Aircraft,United_States,1.0,Aircraft
857,Sonex_Aircraft,United_States,1.0,Aircraft
538,L-3_Communications,United_States,1.0,Aircraft
657,New_Kolb_Aircraft,United_States,1.0,Aircraft
430,Hennessey_Performance_Engineering,United_States,1.0,Automobile
243,Culver_Aircraft_Company,United_States,1.0,Aircraft
453,Hummer,United_States,1.0,Automobile
302,Eclipse_Aviation,United_States,1.0,Aircraft
1005,WizKids,United_States,1.0,Game
922,Titan_Aircraft,United_States,1.0,Aircraft
1011,XCOR_Aerospace,United_States,1.0,Rocket
911,Terrafugia,United_States,1.0,Aircraft
296,EMachines,United_States,1.0,InformationAppliance
298,Eagle_(automobile),United_States,1.0,Automobile
995,Western_Digital,United_States,1.0,InformationAppliance
244,Cummins,United_States,1.0,AutomobileEngine
310,Enstrom_Helicopter_Corporation,United_States,1.0,Aircraft
266,Daimler_Trucks_North_America,United_States,1.0,Automobile
534,Kraft_Foods,United_States,1.0,Beverage
564,Linksys,United_States,1.0,InformationAppliance
109,Avco,United_States,1.0,Train
307,Engineering_and_Research_Corporation,United_States,1.0,Aircraft
241,Crown_Coach_Corporation,United_States,1.0,Automobile
622,Millennium_Transit_Services,United_States,1.0,Automobile
48,Aircraft_Sales_and_Parts,United_States,1.0,Aircraft
14,Adam_Aircraft_Industries,United_States,1.0,Aircraft
917,Thomas_Built_Buses,United_States,1.0,Automobile
912,Textron,United_States,1.0,Aircraft
737,Privateer_Press,United_States,1.0,Game
723,Platt-LePage_Aircraft_Company,United_States,1.0,Aircraft
747,Qi_hardware,United_States,1.0,InformationAppliance
401,Goodrich_Corporation,United_States,1.0,Aircraft
690,Pabst_Brewing_Company,United_States,1.0,Beverage
813,SanDisk,United_States,1.0,InformationAppliance
439,Historical_Aircraft_Corporation,United_States,1.0,Aircraft
393,Gillig_Corporation,United_States,1.0,Automobile
166,Brantly_International,United_States,1.0,Aircraft
521,Kenworth,United_States,1.0,Automobile
601,Maule_Air,United_States,1.0,Aircraft
408,Griffon_Aerospace,United_States,1.0,Aircraft
568,Loehle_Aircraft,United_States,1.0,Aircraft
783,RotorWay_International,United_States,1.0,Aircraft
992,Warner_Aerocraft,United_States,1.0,Aircraft
666,North_Wing_Design,United_States,1.0,Aircraft
854,Solar_Turbines,United_States,1.0,Aircraft
976,Visteon,United_States,1.0,InformationAppliance
69,American_Champion,United_States,1.0,Aircraft
872,St_Croix_Aircraft,United_States,1.0,Aircraft
257,DRS_Technologies,United_States,1.0,Aircraft
822,Scion_(automobile),United_States,1.0,Automobile
462,ICON_Aircraft,United_States,1.0,Aircraft
115,Avid_Aircraft,United_States,1.0,Aircraft
360,Fortune_Brands,United_States,1.0,Beverage
177,Buckeye_Industries,United_States,1.0,Aircraft
903,Team_Mini-Max,United_States,1.0,Aircraft
639,Mosler_Automotive,United_States,1.0,Automobile
195,Carter_Aviation_Technologies,United_States,1.0,Aircraft
1002,Windward_Performance,United_States,1.0,Aircraft
126,Backcountry_Super_Cubs,United_States,1.0,Aircraft
843,Six_Chuter,United_States,1.0,Aircraft
128,Baldwin_Locomotive_Works,United_States,1.0,Train
311,Epic_Aircraft,United_States,1.0,Aircraft
584,Mad_Catz,United_States,1.0,InformationAppliance
192,Carlson_Aircraft,United_States,1.0,Aircraft
574,Luxco,United_States,1.0,Beverage
697,"Panoz,_LLC",United_States,1.0,Automobile
966,Vector_Motors,United_States,1.0,Automobile
735,Preceptor_Aircraft,United_States,1.0,Aircraft
658,New_Standard_Aircraft_Company,United_States,1.0,Aircraft
47,Aircraft_Manufacturing_and_Design,United_States,1.0,Aircraft
134,Beaujon_Aircraft,United_States,1.0,Aircraft
864,Sperry_Corporation,United_States,1.0,Aircraft
373,GE_Transportation,United_States,1.0,Train
543,Lake_Aircraft,United_States,1.0,Aircraft
943,US_Aviation,United_States,1.0,Aircraft
693,Paladin_Industries,United_States,1.0,Aircraft
888,SyberJet_Aircraft,United_States,1.0,Aircraft
1007,World_Aircraft_Company,United_States,1.0,Aircraft
51,Airframes_Unlimited,United_States,1.0,Aircraft
466,IRobot,United_States,1.0,InformationAppliance
428,Heldeberg_Designs,United_States,1.0,Aircraft
113,Aviation_Technology_Group,United_States,1.0,Aircraft
146,Bethlehem_Steel,United_States,1.0,Train
120,Ayres_Corporation,United_States,1.0,Aircraft
918,Thrush_Aircraft,United_States,1.0,Aircraft
920,Tiger_Aircraft,United_States,1.0,Aircraft
141,Bell_Labs,United_States,1.0,InformationAppliance
281,Detroit_Diesel,United_States,1.0,AutomobileEngine
991,Wang_Laboratories,United_States,1.0,InformationAppliance
742,Progressive_Aerodyne,United_States,1.0,Aircraft
750,Quest_Aircraft,United_States,1.0,Aircraft
665,North_American_Rotorwerks,United_States,1.0,Aircraft
364,Freightliner_Trucks,United_States,1.0,Automobile
206,Checker_Motors_Corporation,United_States,1.0,Automobile
398,Globe_Aircraft_Corporation,United_States,1.0,Aircraft
678,One_Aviation,United_States,1.0,Aircraft
83,Aptera_Motors,United_States,1.0,Automobile
757,Rans_Designs,United_States,1.0,Aircraft
953,V-STOL_Aircraft_Corporation,United_States,1.0,Aircraft
24,Aero_Adventure_Aviation,United_States,1.0,Aircraft
860,Southern_Aeronautical_Corporation,United_States,1.0,Aircraft
399,Gobosh_Aviation,United_States,1.0,Aircraft
222,Cizeta,United_States,1.0,Automobile
738,Pro-Composites,United_States,1.0,Aircraft
299,Early_Bird_Aircraft_Company,United_States,1.0,Aircraft
304,Electric_Aircraft_Corporation,United_States,1.0,Aircraft
621,Midwest_Engineering_&_Design,United_States,1.0,Aircraft
752,Raceair_Designs,United_States,1.0,Aircraft
748,Qualcomm,United_States,1.0,InformationAppliance
862,Spectrum_Aeronautical,United_States,1.0,Aircraft
242,Cub_Crafters,United_States,1.0,Aircraft
18,Aerion,United_States,1.0,Aircraft
649,National_Beverage,United_States,1.0,Beverage
974,Viking_Aircraft_LLC,United_States,1.0,Aircraft
784,Rotor_Flight_Dynamics,United_States,1.0,Aircraft
320,FL_Goodwin,United_States,1.0,Aircraft
867,Sport_Copter,United_States,1.0,Aircraft
509,Kaiser_Motors,United_States,1.0,Automobile
407,Green_Sky_Adventures,United_States,1.0,Aircraft
138,Belite_Aircraft,United_States,1.0,Aircraft
805,Sabre_Aircraft,United_States,1.0,Aircraft
904,Team_Tango,United_States,1.0,Aircraft
1024,ZAP_(motor_company),United_States,1.0,Automobile
733,Powrachute,United_States,1.0,Aircraft
873,Stewart_Aircraft_Corporation,United_States,1.0,Aircraft
49,Aircraft_Technologies,United_States,1.0,Aircraft
415,Gyro-Kopp-Ters,United_States,1.0,Aircraft
931,Tri-R_Technologies,United_States,1.0,Aircraft
1014,Xetec,United_States,1.0,InformationAppliance
1004,Winnebago_Industries,United_States,1.0,Automobile
787,Rud_Aero,United_States,1.0,Aircraft
682,Osborne_Computer_Corporation,United_States,1.0,InformationAppliance
341,Flightstar_Sportplanes,United_States,1.0,Aircraft
268,Data_General,United_States,1.0,InformationAppliance
942,UP_Aerospace,United_States,1.0,Rocket
834,Sierra_Nevada_Corporation,United_States,1.0,Aircraft
683,Oshkosh_Corporation,United_States,1.0,Automobile
969,"Velocity,_Inc.",United_States,1.0,Aircraft
498,Jakks_Pacific,United_States,1.0,InformationAppliance
712,Peterbilt,United_States,1.0,Automobile
844,SkyCraft_Airplanes,United_States,1.0,Aircraft
92,Arris_Group,United_States,1.0,InformationAppliance
558,Liberty_Aerospace,United_States,1.0,Aircraft
988,WACO_Classic_Aircraft,United_States,1.0,Aircraft
471,IndUS_Aviation,United_States,1.0,Aircraft
1009,Wyrd_(company),United_States,1.0,Game
72,Amiga_Corporation,United_States,1.0,InformationAppliance
388,Georgia_Tech_Research_Institute,United_States,1.0,Automobile
139,Belkin,United_States,1.0,InformationAppliance
321,FMC_Technologies,United_States,1.0,Automobile
734,Pratt-Read,United_States,1.0,Aircraft
410,Groen_Brothers_Aviation,United_States,1.0,Aircraft
301,Eclipse_Aerospace,United_States,1.0,Aircraft
710,Perceptive_Pixel,United_States,1.0,InformationAppliance
807,Safari_Helicopter,United_States,1.0,Aircraft
40,Air_Magic_Ultralights,United_States,1.0,Aircraft
654,Nelson_Aircraft,United_States,1.0,Aircraft
877,Street_&_Racing_Technology,United_States,1.0,Automobile
751,Quicksilver_Manufacturing,United_States,1.0,Aircraft
507,Just_Aircraft,United_States,1.0,Aircraft
22,AeroLites,United_States,1.0,Aircraft
5,ARCA_Space_Corporation,United_States,1.0,Aircraft
707,PepsiAmericas,United_States,1.0,Beverage
769,Revolution_Helicopter_Corporation,United_States,1.0,Aircraft
25,Aero_Designs,United_States,1.0,Aircraft
121,Azure_Dynamics,United_States,1.0,Automobile
791,S-TEC_Corporation,United_States,1.0,Aircraft
589,Makelan_Corporation,United_States,1.0,Aircraft
432,Heublein,United_States,1.0,Beverage
625,Mirage_Aircraft_Corporation,United_States,1.0,Aircraft
700,Paramotor_Inc,United_States,1.0,Aircraft
499,Javelin_Aircraft,United_States,1.0,Aircraft
1003,Wings_of_Freedom,United_States,1.0,Aircraft
727,Polycom,United_States,1.0,Device
232,Constellation_Brands,United_States,1.0,Beverage
910,Tennessee_Propellers,United_States,1.0,Aircraft
699,"Parallax,_Inc._(company)",United_States,1.0,InformationAppliance
841,Sirius_Satellite_Radio,United_States,1.0,InformationAppliance
224,Coda_Automotive,United_States,1.0,Automobile
975,Visionary_Vehicles,United_States,1.0,Automobile
936,Turing_Robotic_Industries,United_States,1.0,Device
270,Davis_Motorcar_Company,United_States,1.0,Automobile
451,Hughes_Aircraft_Company,United_States,1.0,InformationAppliance
999,Willett_Distillery,United_States,1.0,Beverage
297,EVGA_Corporation,United_States,1.0,InformationAppliance
161,BorgWarner,United_States,1.0,Automobile
70,American_Expedition_Vehicles,United_States,1.0,Automobile
524,Kingston_Technology,United_States,1.0,InformationAppliance
500,Jel_Sert,United_States,1.0,Beverage
997,White_Motor_Company,United_States,1.0,Automobile
878,Stroh_Brewery_Company,United_States,1.0,Beverage
291,Durant_Motors,United_States,1.0,Automobile
505,John_Deere,United_States,1.0,Automobile
282,Detroit_Electric,United_States,1.0,Automobile
778,Rogue_Ales,United_States,1.0,Beverage
4,AC_Golden_Brewing_Company,United_States,1.0,Beverage
163,Bose_Corporation,United_States,1.0,InformationAppliance
944,Ultimate_Ears,United_States,1.0,InformationAppliance
475,Industrias_Kaiser_Argentina,Argentina,0.4290115124203117,Automobile
764,Renault_Argentina,Argentina,0.5806899872400613,Automobile
369,Fábrica_Argentina_de_Aviones,Argentina,0.6632532913004998,Aircraft
441,Holden,Australia,0.4290115124203117,Automobile
441,Holden,Australia,0.4290115124203117,MotorsportSeason
441,Holden,Australia,0.4290115124203117,AutomobileEngine
441,Holden,Australia,0.4290115124203117,SportsSeason
351,Ford_Australia,Australia,0.5806899872400613,Automobile
66,Amax_Engineering,Australia,0.6632532913004998,Aircraft
357,Ford_Performance_Vehicles,Australia,0.7168797303530388,Automobile
495,Jabiru_Aircraft,Australia,0.7552516865491112,Aircraft
395,GippsAero,Australia,0.7844422226382627,Aircraft
305,Elfin_Sports_Cars,Australia,0.8076066669535248,Automobile
930,Toyota_Australia,Australia,0.8265664763059934,Automobile
223,Coca-Cola_Amatil,Australia,0.8424557915808197,Beverage
821,Schweppes_Australia,Australia,0.8560223267976378,Beverage
275,De_Havilland_Australia,Australia,0.8677815847930187,Aircraft
176,Brumby_Aircraft_Australia,Australia,0.8781019978005734,Aircraft
946,United_Australian_Automobile_Industries,Australia,0.887254796651436,Automobile
933,Tugan_Aircraft,Australia,0.8954446644803061,Aircraft
824,Seabird_Aviation_Australia,Australia,0.902829350893351,Aircraft
624,Minsk_Automobile_Plant,Belarus,0.4290115124203117,Automobile
632,MoAZ,Belarus,0.5806899872400613,Automobile
137,BelAZ,Belarus,0.6632532913004998,Automobile
963,Van_Hool,Belgium,0.4290115124203117,Automobile
78,Anheuser-Busch_InBev,Belgium,0.5806899872400613,Beverage
199,Celestica,Canada,0.4290115124203117,InformationAppliance
528,Kobo_Inc.,Canada,0.5806899872400613,InformationAppliance
150,BlackBerry_Limited,Canada,0.6632532913004998,InformationAppliance
150,BlackBerry_Limited,Canada,0.6632532913004998,Device
158,Bombardier_Aerospace,Canada,0.7168797303530388,Aircraft
973,Viking_Air,Canada,0.7552516865491112,Aircraft
181,CAMI_Automotive,Canada,0.7844422226382627,Automobile
337,Fisher_Flying_Products,Canada,0.8076066669535248,Aircraft
187,Canadian_Aerodrome_Company,Canada,0.8265664763059934,Aircraft
328,Falconar_Avia,Canada,0.8424557915808197,Aircraft
668,Nova_Bus,Canada,0.8560223267976378,Automobile
641,Murphy_Aircraft,Canada,0.8677815847930187,Aircraft
1031,Zenair,Canada,0.8781019978005734,Aircraft
152,Blue_Yonder_Aviation,Canada,0.887254796651436,Aircraft
159,Bombardier_Inc.,Canada,0.8954446644803061,Train
237,Cott,Canada,0.902829350893351,Beverage
180,Bushcaddy,Canada,0.9095326557749184,Aircraft
664,Norman_Aviation,Canada,0.9156532778521327,Aircraft
400,Gooderham_and_Worts,Canada,0.9212709991417529,Beverage
698,Para-Ski,Canada,0.926451103929165,Aircraft
362,Found_Aircraft,Canada,0.9312475984536739,Aircraft
250,D-Wave_Systems,Canada,0.9357055978406889,InformationAppliance
863,Spectrum_Aircraft,Canada,0.9398631233758168,Aircraft
871,St-Just_Aviation,Canada,0.9437524748599934,Aircraft
75,Amphibian_Airplanes_of_Canada,Canada,0.9474012918711371,Aircraft
36,Aeryon_Labs,Canada,0.9508333839704997,Aircraft
147,Birdman_Enterprises,Canada,0.9540693870376405,Aircraft
895,Tapanee_Aviation,Canada,0.957127287188027,Aircraft
247,Custom_Flight,Canada,0.9600228427274348,Aircraft
306,Elmwood_Aviation,Canada,0.962769926792288,Aircraft
823,Sea-Bow_International,Canada,0.9653808077120881,Aircraft
889,Symphony_Aircraft_Industries,Canada,0.9678663800430949,Aircraft
11,Aces_High_Light_Aircraft,Canada,0.9702363562121535,Aircraft
188,Canadian_Electric_Vehicles,Canada,0.9724994264685214,Automobile
68,Ameri-Cana_Ultralights,Canada,0.9746633931564606,Aircraft
21,AeroAndina,Colombia,0.4290115124203117,Aircraft
167,Brasserie_de_la_Couronne,Cuba,0.4290115124203117,Beverage
27,Aero_Vodochody,Czech_Republic,0.4290115124203117,Aircraft
899,Tatra_(company),Czech_Republic,0.5806899872400613,Automobile
899,Tatra_(company),Czech_Republic,0.5806899872400613,AutomobileEngine
555,Let_Kunovice,Czech_Republic,0.6632532913004998,Aircraft
1037,Škoda_Transportation,Czech_Republic,0.7168797303530388,Automobile
1037,Škoda_Transportation,Czech_Republic,0.7168797303530388,Train
477,Inekon_Trams,Czech_Republic,0.7552516865491112,Train
248,Czech_Sport_Aircraft,Czech_Republic,0.7844422226382627,Aircraft
316,Evektor-Aerotechnik,Czech_Republic,0.8076066669535248,Aircraft
740,ProFe,Czech_Republic,0.8265664763059934,Aircraft
902,TeST_Gliders,Czech_Republic,0.8424557915808197,Aircraft
951,Urban_Air,Czech_Republic,0.8560223267976378,Aircraft
286,Distar_Air,Czech_Republic,0.8677815847930187,Aircraft
39,AirLony,Czech_Republic,0.8781019978005734,Aircraft
345,Flying_Machines_s.r.o.,Czech_Republic,0.887254796651436,Aircraft
329,Fantasy_Air,Czech_Republic,0.8954446644803061,Aircraft
536,Kubicek_Balloons,Czech_Republic,0.902829350893351,Aircraft
84,Arab_American_Vehicles,Egypt,0.4290115124203117,Automobile
591,Manufacturing_Commercial_Vehicles,Egypt,0.5806899872400613,Automobile
197,Castle_Technology,England,0.4290115124203117,InformationAppliance
634,Mongoose_Publishing,England,0.5806899872400613,Game
42,Airbus,France,0.4290115124203117,Aircraft
763,Renault,France,0.5806899872400613,Automobile
763,Renault,France,0.5806899872400613,Aircraft
763,Renault,France,0.5806899872400613,MotorsportSeason
763,Renault,France,0.5806899872400613,Train
763,Renault,France,0.5806899872400613,AutomobileEngine
763,Renault,France,0.5806899872400613,SportsSeason
713,Peugeot,France,0.6632532913004998,Automobile
713,Peugeot,France,0.6632532913004998,MotorsportSeason
713,Peugeot,France,0.6632532913004998,SportsSeason
44,Airbus_Helicopters,France,0.7168797303530388,Aircraft
43,Airbus_Defence_and_Space,France,0.7552516865491112,Rocket
43,Airbus_Defence_and_Space,France,0.7552516865491112,Aircraft
88,Arianespace,France,0.7844422226382627,Rocket
330,Farman_Aviation_Works,France,0.8076066669535248,Aircraft
659,Nieuport,France,0.8265664763059934,Aircraft
7,ATR_(aircraft_manufacturer),France,0.8424557915808197,Aircraft
766,Renault_Trucks,France,0.8560223267976378,Automobile
766,Renault_Trucks,France,0.8560223267976378,AutomobileEngine
644,NHIndustries,France,0.8677815847930187,Aircraft
218,Chrysler_Europe,France,0.8781019978005734,Automobile
258,DS_Automobiles,France,0.887254796651436,Automobile
800,SNCASE,France,0.8954446644803061,Aircraft
178,Bugatti,France,0.902829350893351,Automobile
178,Bugatti,France,0.902829350893351,Aircraft
178,Bugatti,France,0.902829350893351,MotorsportSeason
178,Bugatti,France,0.902829350893351,AutomobileEngine
178,Bugatti,France,0.902829350893351,SportsSeason
837,Simca,France,0.9095326557749184,Automobile
837,Simca,France,0.9095326557749184,MotorsportSeason
837,Simca,France,0.9095326557749184,AutomobileEngine
837,Simca,France,0.9095326557749184,SportsSeason
852,Société_des_Avions_Bernard,France,0.9156532778521327,Aircraft
600,Matra,France,0.9212709991417529,Automobile
600,Matra,France,0.9212709991417529,Aircraft
600,Matra,France,0.9212709991417529,Train
160,Bookeen,France,0.926451103929165,InformationAppliance
853,Société_des_Avions_Marcel_Bloch,France,0.9312475984536739,Aircraft
696,Panhard,France,0.9357055978406889,Automobile
696,Panhard,France,0.9357055978406889,MotorsportSeason
696,Panhard,France,0.9357055978406889,SportsSeason
570,Loire_Aviation,France,0.9398631233758168,Aircraft
542,La_Mouette,France,0.9437524748599934,Aircraft
93,Arsenal_de_l'Aéronautique,France,0.9474012918711371,Aircraft
818,Saviem,France,0.9508333839704997,Automobile
62,Alpine_(automobile),France,0.9540693870376405,Automobile
809,Salmson,France,0.957127287188027,Automobile
809,Salmson,France,0.957127287188027,Aircraft
809,Salmson,France,0.957127287188027,MotorsportSeason
809,Salmson,France,0.957127287188027,SportsSeason
277,Delahaye,France,0.9600228427274348,Automobile
277,Delahaye,France,0.9600228427274348,MotorsportSeason
277,Delahaye,France,0.9600228427274348,SportsSeason
117,Avions_Amiot,France,0.962769926792288,Aircraft
794,SAGEM,France,0.9653808077120881,Aircraft
998,Wibault,France,0.9678663800430949,Aircraft
405,Gourdou-Leseurre,France,0.9702363562121535,Aircraft
259,DTA_sarl,France,0.9724994264685214,Aircraft
73,Amilcar,France,0.9746633931564606,Automobile
73,Amilcar,France,0.9746633931564606,MotorsportSeason
73,Amilcar,France,0.9746633931564606,SportsSeason
252,DAHER-SOCATA,France,0.9767352840424578,Aircraft
220,Citroën,France,0.978721448451811,Automobile
220,Citroën,France,0.978721448451811,MotorsportSeason
220,Citroën,France,0.978721448451811,SportsSeason
174,Brochet,France,0.9806276392135471,Aircraft
504,Jodel,France,0.9824590828247652,Aircraft
100,Astrium,France,0.9842205397848932,Rocket
17,Adventure_SA,France,0.9859163566869954,Aircraft
913,Thales_Group,France,0.9875505113647566,Aircraft
204,Chantiers_aéronavals_Étienne_Romano,France,0.9891266521632982,Aircraft
849,Société_Aérienne_Bordelaise,France,0.9906481322167943,Aircraft
850,Société_Française_de_Construction_Aéronautique,France,0.9921180394662169,Aircraft
85,Archos,France,0.9935392230290344,InformationAppliance
851,Société_Provençale_de_Constructions_Aéronautiques,France,0.9949143164334739,Aircraft
145,Best_Off,France,0.9962457581486162,Aircraft
26,Aero_Synergie,France,0.9975358097745606,Aircraft
31,Aerophile,France,0.998786572201442,Aircraft
970,Venturi_Automobiles,France,1.0,Automobile
422,Hanriot_(aircraft_company),France,1.0,Aircraft
326,Facel_Vega,France,1.0,Automobile
118,Avions_Jean-Pierre_Marie,France,1.0,Aircraft
541,LVMH,France,1.0,Beverage
906,Technicolor_SA,France,1.0,InformationAppliance
469,Ikarus_Bus,Hungary,0.4290115124203117,Automobile
378,Ganz_Works,Hungary,0.5806899872400613,Train
790,Rába_(company),Hungary,0.6632532913004998,Train
486,Iran_Khodro,Iran,0.4290115124203117,Automobile
486,Iran_Khodro,Iran,0.4290115124203117,AutomobileEngine
704,Pars_Khodro,Iran,0.5806899872400613,Automobile
485,Iran_Aviation_Industries_Organization,Iran,0.6632532913004998,Aircraft
267,Damavand_Mineral_Water_Co.,Iran,0.7168797303530388,Beverage
58,Alfa_Romeo,Italy,0.4290115124203117,Automobile
58,Alfa_Romeo,Italy,0.4290115124203117,MotorsportSeason
58,Alfa_Romeo,Italy,0.4290115124203117,AutomobileEngine
58,Alfa_Romeo,Italy,0.4290115124203117,SportsSeason
331,Fiat_Automobiles,Italy,0.5806899872400613,Automobile
546,Lancia,Italy,0.6632532913004998,Automobile
546,Lancia,Italy,0.6632532913004998,MotorsportSeason
546,Lancia,Italy,0.6632532913004998,AutomobileEngine
546,Lancia,Italy,0.6632532913004998,SportsSeason
37,AgustaWestland,Italy,0.7168797303530388,Aircraft
332,Fiat_Aviazione,Italy,0.7552516865491112,Aircraft
554,Leonardo-Finmeccanica,Italy,0.7844422226382627,Aircraft
55,Alenia_Aermacchi,Italy,0.8076066669535248,Aircraft
479,Innocenti,Italy,0.8265664763059934,Automobile
79,AnsaldoBreda,Italy,0.8424557915808197,Train
56,Alenia_Aeronautica,Italy,0.8560223267976378,Aircraft
20,Aermacchi,Italy,0.8677815847930187,Aircraft
19,Aeritalia,Italy,0.8781019978005734,Aircraft
186,Campari_Group,Italy,0.887254796651436,Beverage
719,Pininfarina,Italy,0.8954446644803061,Automobile
413,Gruppo_Bertone,Italy,0.902829350893351,Automobile
761,Reggiane,Italy,0.9095326557749184,Aircraft
761,Reggiane,Italy,0.9095326557749184,Train
107,Autobianchi,Italy,0.9156532778521327,Automobile
276,De_Tomaso,Italy,0.9212709991417529,Automobile
467,Icaro_2000,Italy,0.926451103929165,Aircraft
333,Fiat_Powertrain_Technologies,Italy,0.9312475984536739,AutomobileEngine
675,Olivetti,Italy,0.9357055978406889,InformationAppliance
334,Fiat_S.p.A.,Italy,0.9398631233758168,Automobile
9,Abarth,Italy,0.9437524748599934,Automobile
9,Abarth,Italy,0.9437524748599934,MotorsportSeason
9,Abarth,Italy,0.9437524748599934,SportsSeason
343,Fly_Synthesis,Italy,0.9474012918711371,Aircraft
673,Officine_Meccaniche,Italy,0.9508333839704997,MotorsportSeason
673,Officine_Meccaniche,Italy,0.9508333839704997,Train
673,Officine_Meccaniche,Italy,0.9508333839704997,SportsSeason
876,Storm_Aircraft,Italy,0.9540693870376405,Aircraft
463,ICP_srl,Italy,0.957127287188027,Aircraft
725,Polaris_Motor,Italy,0.9600228427274348,Aircraft
193,Carpenterie_Pagotto,Italy,0.962769926792288,Aircraft
344,Flying_Legend,Italy,0.9653808077120881,Aircraft
149,Bizzarrini,Italy,0.9678663800430949,Automobile
739,Pro.Mecc,Italy,0.9702363562121535,Aircraft
955,VM_Motori,Italy,0.9724994264685214,AutomobileEngine
194,Carrozzeria_Ghia,Italy,0.9746633931564606,Automobile
709,Per_Il_Volo,Italy,0.9767352840424578,Aircraft
1028,Zagato,Italy,0.978721448451811,Automobile
703,Parmalat,Italy,0.9806276392135471,Beverage
346,Flylab,Italy,0.9824590828247652,Aircraft
972,Vignale,Italy,0.9842205397848932,Automobile
743,Proton_Holdings,Malaysia,0.4290115124203117,Automobile
743,Proton_Holdings,Malaysia,0.4290115124203117,AutomobileEngine
711,Perodua,Malaysia,0.5806899872400613,Automobile
662,Ninetology,Malaysia,0.6632532913004998,Device
652,Naza,Malaysia,0.7168797303530388,Automobile
348,Fokker,Netherlands,0.4290115124203117,Aircraft
426,Heineken_International,Netherlands,0.5806899872400613,Beverage
715,Philips,Netherlands,0.6632532913004998,InformationAppliance
869,Spyker_Cars,Netherlands,0.7168797303530388,Automobile
251,DAF_Trucks,Netherlands,0.7552516865491112,Automobile
954,VDL_Nedcar,Netherlands,0.7844422226382627,Automobile
934,Tulip_Computers,Netherlands,0.8076066669535248,InformationAppliance
868,Spyker,Netherlands,0.8265664763059934,Aircraft
366,FrieslandCampina,Netherlands,0.8424557915808197,Beverage
309,Enrique_Cassinelli_and_Sons,Peru,0.4290115124203117,Beverage
689,PZL-Świdnik,Poland,0.4290115124203117,Aircraft
324,Fabryka_Samochodów_Małolitrażowych,Poland,0.5806899872400613,Automobile
325,Fabryka_Samochodów_Osobowych,Poland,0.6632532913004998,Automobile
855,Solaris_Bus_&_Coach,Poland,0.7168797303530388,Automobile
501,Jelcz,Poland,0.7552516865491112,Automobile
705,Państwowe_Zakłady_Inżynierii,Poland,0.7844422226382627,Automobile
322,FSC_Star,Poland,0.8076066669535248,Automobile
726,Polmos_Białystok,Poland,0.8265664763059934,Beverage
200,Celier_Aviation,Poland,0.8424557915808197,Aircraft
91,Arrinera,Poland,0.8560223267976378,Automobile
598,Maspex,Poland,0.8677815847930187,Beverage
859,Sorefame,Portugal,0.4290115124203117,Train
810,Salvador_Caetano,Portugal,0.5806899872400613,Automobile
941,UMM_(União_Metalo-Mecânica),Portugal,0.6632532913004998,Automobile
671,OGMA,Portugal,0.7168797303530388,Aircraft
363,Foxconn,Taiwan,0.4290115124203117,InformationAppliance
363,Foxconn,Taiwan,0.4290115124203117,Device
706,Pegatron,Taiwan,0.5806899872400613,InformationAppliance
706,Pegatron,Taiwan,0.5806899872400613,Device
418,HTC,Taiwan,0.6632532913004998,InformationAppliance
418,HTC,Taiwan,0.6632532913004998,Device
10,Acer_Inc.,Taiwan,0.7168797303530388,InformationAppliance
10,Acer_Inc.,Taiwan,0.7168797303530388,Device
230,Compal_Electronics,Taiwan,0.7552516865491112,InformationAppliance
230,Compal_Electronics,Taiwan,0.7552516865491112,Device
33,Aerospace_Industrial_Development_Corporation,Taiwan,0.7844422226382627,Aircraft
336,First_International_Computer,Taiwan,0.8076066669535248,InformationAppliance
148,Bit_Corporation,Taiwan,0.8265664763059934,InformationAppliance
216,China_Motor_Corporation,Taiwan,0.8424557915808197,Automobile
317,Evergreen_Group,Taiwan,0.8560223267976378,Aircraft
949,United_Microelectronics_Corporation,Taiwan,0.8677815847930187,InformationAppliance
391,Gigabyte_Technology,Taiwan,0.8781019978005734,InformationAppliance
249,D-Link,Taiwan,0.887254796651436,InformationAppliance
575,Luxgen,Taiwan,0.8954446644803061,Automobile
900,Tatung_Company,Taiwan,0.902829350893351,InformationAppliance
142,BenQ,Taiwan,0.9095326557749184,Device
389,Getac,Taiwan,0.9156532778521327,InformationAppliance
108,Automobile_Dacia,Romania,0.4290115124203117,Automobile
108,Automobile_Dacia,Romania,0.4290115124203117,AutomobileEngine
474,Industria_Aeronautică_Română,Romania,0.5806899872400613,Aircraft
34,Aerostar,Romania,0.6632532913004998,Aircraft
116,Avioane_Craiova,Romania,0.7168797303530388,Aircraft
6,ARO,Romania,0.7552516865491112,Automobile
775,Rocar,Romania,0.7844422226382627,Automobile
1033,Întreprinderea_de_Construcții_Aeronautice_Românești,Romania,0.8076066669535248,Aircraft
676,Oltcit,Romania,0.8265664763059934,Automobile
279,Denel,South_Africa,0.4290115124203117,Aircraft
280,Denel_Dynamics,South_Africa,0.5806899872400613,Aircraft
754,Rainbow_Aircraft,South_Africa,0.6632532913004998,Aircraft
812,Samsung_Electronics,South_Korea,0.4290115124203117,InformationAppliance
812,Samsung_Electronics,South_Korea,0.4290115124203117,Device
540,LG_Electronics,South_Korea,0.5806899872400613,InformationAppliance
540,LG_Electronics,South_Korea,0.5806899872400613,Device
457,Hyundai_Motor_Company,South_Korea,0.6632532913004998,Automobile
457,Hyundai_Motor_Company,South_Korea,0.6632532913004998,AutomobileEngine
811,Samsung,South_Korea,0.7168797303530388,InformationAppliance
811,Samsung,South_Korea,0.7168797303530388,Device
523,Kia_Motors,South_Korea,0.7552516865491112,Automobile
458,Hyundai_Rotem,South_Korea,0.7844422226382627,Train
260,Daewoo_Motors,South_Korea,0.8076066669535248,Automobile
260,Daewoo_Motors,South_Korea,0.8076066669535248,AutomobileEngine
375,GM_Korea,South_Korea,0.8265664763059934,Automobile
765,Renault_Samsung_Motors,South_Korea,0.8424557915808197,Automobile
455,Hyundai,South_Korea,0.8560223267976378,Automobile
455,Hyundai,South_Korea,0.8560223267976378,Device
455,Hyundai,South_Korea,0.8560223267976378,Train
421,Hanjin_Heavy_Industries,South_Korea,0.8677815847930187,Train
98,Asia_Motors,South_Korea,0.8781019978005734,Automobile
806,Saehan_Motors,South_Korea,0.887254796651436,Automobile
870,SsangYong_Motor,South_Korea,0.8954446644803061,Automobile
897,Tata_Daewoo,South_Korea,0.902829350893351,Automobile
456,Hyundai_Mobis,South_Korea,0.9095326557749184,Train
238,Cowon,South_Korea,0.9156532778521327,InformationAppliance
532,Koryolink,South_Korea,0.9212709991417529,Device
831,Shinjin_Motors,South_Korea,0.926451103929165,Automobile
798,SEAT,Spain,0.4290115124203117,Automobile
233,Construcciones_y_Auxiliar_de_Ferrocarriles,Spain,0.5806899872400613,Train
45,Airbus_Military,Spain,0.6632532913004998,Aircraft
577,MACOSA,Spain,0.7168797303530388,Train
226,Colyaer,Spain,0.7552516865491112,Aircraft
799,SEAT_Sport,Spain,0.7844422226382627,Automobile
487,Irizar,Spain,0.8076066669535248,Automobile
588,Mahou-San_Miguel_Group,Spain,0.8265664763059934,Beverage
617,Micro_Cars,Sri_Lanka,0.4290115124203117,Automobile
983,Volvo_Cars,Sweden,0.4290115124203117,Automobile
983,Volvo_Cars,Sweden,0.4290115124203117,AutomobileEngine
982,Volvo_Buses,Sweden,0.5806899872400613,Automobile
803,Saab_Automobile,Sweden,0.6632532913004998,Automobile
803,Saab_Automobile,Sweden,0.6632532913004998,MotorsportSeason
803,Saab_Automobile,Sweden,0.6632532913004998,AutomobileEngine
803,Saab_Automobile,Sweden,0.6632532913004998,SportsSeason
804,Saab_Group,Sweden,0.7168797303530388,Aircraft
984,Volvo_Trucks,Sweden,0.7552516865491112,Automobile
529,Koenigsegg,Sweden,0.7844422226382627,Automobile
650,National_Electric_Vehicle_Sweden,Sweden,0.8076066669535248,Automobile
313,Ericsson_Mobile_Communications,Sweden,0.8265664763059934,Device
312,Ericsson,Sweden,0.8424557915808197,InformationAppliance
684,Osotspa,Thailand,0.4290115124203117,Beverage
924,Tofaş,Turkey,0.4290115124203117,Automobile
924,Tofaş,Turkey,0.4290115124203117,AutomobileEngine
356,Ford_Otosan,Turkey,0.5806899872400613,Automobile
356,Ford_Otosan,Turkey,0.5806899872400613,AutomobileEngine
1034,Ülker,Turkey,0.6632532913004998,Beverage
938,TÜLOMSAŞ,Turkey,0.7168797303530388,Automobile
606,Mechanical_and_Chemical_Industry_Corporation,Turkey,0.7552516865491112,Aircraft
515,Karsan,Turkey,0.7844422226382627,Automobile
80,Antonov,Ukraine,0.4290115124203117,Aircraft
522,Khartron,Ukraine,0.5806899872400613,Rocket
533,KrAZ,Ukraine,0.6632532913004998,Automobile
32,Aeros,Ukraine,0.7168797303530388,Aircraft
1025,ZAZ,Ukraine,0.7552516865491112,Automobile
381,General_Aviation_Design_Bureau_of_Ukraine,Ukraine,0.7844422226382627,Aircraft
122,BAE_Systems,United_Kingdom,0.4290115124203117,Aircraft
274,De_Havilland,United_Kingdom,0.5806899872400613,Aircraft
170,British_Aerospace,United_Kingdom,0.6632532913004998,Aircraft
171,British_Leyland,United_Kingdom,0.7168797303530388,Automobile
171,British_Leyland,United_Kingdom,0.7168797303530388,Train
171,British_Leyland,United_Kingdom,0.7168797303530388,AutomobileEngine
284,Diageo,United_Kingdom,0.7552516865491112,Beverage
358,Ford_of_Britain,United_Kingdom,0.7844422226382627,Automobile
420,Handley_Page,United_Kingdom,0.8076066669535248,Aircraft
103,Austin_Motor_Company,United_Kingdom,0.8265664763059934,Automobile
103,Austin_Motor_Company,United_Kingdom,0.8265664763059934,Aircraft
103,Austin_Motor_Company,United_Kingdom,0.8265664763059934,MotorsportSeason
103,Austin_Motor_Company,United_Kingdom,0.8265664763059934,AutomobileEngine
103,Austin_Motor_Company,United_Kingdom,0.8265664763059934,SportsSeason
572,Lotus_Cars,United_Kingdom,0.8424557915808197,Automobile
572,Lotus_Cars,United_Kingdom,0.8424557915808197,MotorsportSeason
572,Lotus_Cars,United_Kingdom,0.8424557915808197,AutomobileEngine
572,Lotus_Cars,United_Kingdom,0.8424557915808197,SportsSeason
996,Westland_Helicopters,United_Kingdom,0.8560223267976378,Aircraft
786,Rover_Group,United_Kingdom,0.8677815847930187,InformationAppliance
786,Rover_Group,United_Kingdom,0.8677815847930187,Automobile
786,Rover_Group,United_Kingdom,0.8677815847930187,AutomobileEngine
46,Airco,United_Kingdom,0.8781019978005734,Aircraft
965,Vauxhall_Motors,United_Kingdom,0.887254796651436,Automobile
965,Vauxhall_Motors,United_Kingdom,0.887254796651436,MotorsportSeason
965,Vauxhall_Motors,United_Kingdom,0.887254796651436,AutomobileEngine
965,Vauxhall_Motors,United_Kingdom,0.887254796651436,SportsSeason
846,Slingsby_Aviation,United_Kingdom,0.8954446644803061,Aircraft
77,Amstrad,United_Kingdom,0.902829350893351,InformationAppliance
377,Games_Workshop,United_Kingdom,0.9095326557749184,Game
637,Morris_Motors,United_Kingdom,0.9156532778521327,Automobile
637,Morris_Motors,United_Kingdom,0.9156532778521327,AutomobileEngine
265,Daimler_Company,United_Kingdom,0.9212709991417529,Automobile
265,Daimler_Company,United_Kingdom,0.9212709991417529,AutomobileEngine
892,TVR,United_Kingdom,0.926451103929165,Automobile
892,TVR,United_Kingdom,0.926451103929165,MotorsportSeason
892,TVR,United_Kingdom,0.926451103929165,AutomobileEngine
892,TVR,United_Kingdom,0.926451103929165,SportsSeason
90,Armstrong_Whitworth,United_Kingdom,0.9312475984536739,Aircraft
90,Armstrong_Whitworth,United_Kingdom,0.9312475984536739,Train
239,Cravens,United_Kingdom,0.9357055978406889,Train
172,British_Rail,United_Kingdom,0.9398631233758168,Train
135,Bedford_Vehicles,United_Kingdom,0.9437524748599934,Automobile
1000,William_Beardmore_and_Company,United_Kingdom,0.9474012918711371,Aircraft
3,AC_Cars,United_Kingdom,0.9508333839704997,Automobile
781,Rootes_Group,United_Kingdom,0.9540693870376405,Automobile
576,M-Sport,United_Kingdom,0.957127287188027,Automobile
615,Metropolitan-Vickers,United_Kingdom,0.9600228427274348,InformationAppliance
615,Metropolitan-Vickers,United_Kingdom,0.9600228427274348,Aircraft
99,Associated_Equipment_Company,United_Kingdom,0.962769926792288,Automobile
99,Associated_Equipment_Company,United_Kingdom,0.962769926792288,Train
962,Van_Diemen,United_Kingdom,0.9653808077120881,Automobile
169,Bristol_Cars,United_Kingdom,0.9678663800430949,Automobile
169,Bristol_Cars,United_Kingdom,0.9678663800430949,MotorsportSeason
169,Bristol_Cars,United_Kingdom,0.9678663800430949,SportsSeason
502,Jensen_Motors,United_Kingdom,0.9702363562121535,Automobile
12,Acorn_Computers,United_Kingdom,0.9724994264685214,InformationAppliance
581,MG_Motor,United_Kingdom,0.9746633931564606,Automobile
581,MG_Motor,United_Kingdom,0.9746633931564606,AutomobileEngine
52,Airspeed_Ltd.,United_Kingdom,0.9767352840424578,Aircraft
762,Reliant,United_Kingdom,0.978721448451811,Automobile
435,Hillman,United_Kingdom,0.9806276392135471,Automobile
435,Hillman,United_Kingdom,0.9806276392135471,MotorsportSeason
435,Hillman,United_Kingdom,0.9806276392135471,AutomobileEngine
435,Hillman,United_Kingdom,0.9806276392135471,SportsSeason
185,Cammell_Laird,United_Kingdom,0.9824590828247652,Train
594,Martinsyde,United_Kingdom,0.9842205397848932,Aircraft
1006,Wolseley_Motors,United_Kingdom,0.9859163566869954,Automobile
1006,Wolseley_Motors,United_Kingdom,0.9859163566869954,AutomobileEngine
793,SABMiller,United_Kingdom,0.9875505113647566,Beverage
592,Martin-Baker,United_Kingdom,0.9891266521632982,Aircraft
173,Britvic,United_Kingdom,0.9906481322167943,Beverage
394,Ginetta_Cars,United_Kingdom,0.9921180394662169,Automobile
376,GTM_Cars,United_Kingdom,0.9935392230290344,Automobile
452,Humber_Limited,United_Kingdom,0.9949143164334739,Automobile
452,Humber_Limited,United_Kingdom,0.9949143164334739,AutomobileEngine
123,BAE_Systems_Military_Air_&_Information,United_Kingdom,0.9962457581486162,Aircraft
582,MG_Rover_Group,United_Kingdom,0.9975358097745606,Automobile
582,MG_Rover_Group,United_Kingdom,0.9975358097745606,AutomobileEngine
840,Singer_Motors,United_Kingdom,0.998786572201442,Automobile
840,Singer_Motors,United_Kingdom,0.998786572201442,AutomobileEngine
785,Rover_Company,United_Kingdom,1.0,Automobile
785,Rover_Company,United_Kingdom,1.0,AutomobileEngine
687,P&M_Aviation,United_Kingdom,1.0,Aircraft
404,Gosport_Aircraft_Company,United_Kingdom,1.0,Aircraft
492,J._Samuel_White,United_Kingdom,1.0,Aircraft
96,Ascari_Cars,United_Kingdom,1.0,Automobile
314,Europa_Aircraft,United_Kingdom,1.0,Aircraft
64,Alvis_Car_and_Engineering_Company,United_Kingdom,1.0,Automobile
64,Alvis_Car_and_Engineering_Company,United_Kingdom,1.0,AutomobileEngine
89,Ariel_Motor_Company,United_Kingdom,1.0,Automobile
60,Allied_Domecq,United_Kingdom,1.0,Beverage
54,Albion_Motors,United_Kingdom,1.0,Automobile
545,Lanchester_Motor_Company,United_Kingdom,1.0,Automobile
545,Lanchester_Motor_Company,United_Kingdom,1.0,AutomobileEngine
741,Prodrive,United_Kingdom,1.0,Automobile
565,Lister_Cars,United_Kingdom,1.0,Automobile
368,Fuller's_Brewery,United_Kingdom,1.0,Beverage
110,Avian_Limited,United_Kingdom,1.0,Aircraft
481,International_Computers_Limited,United_Kingdom,1.0,InformationAppliance
607,Medway_Microlights,United_Kingdom,1.0,Aircraft
732,Powertrain_Ltd,United_Kingdom,1.0,AutomobileEngine
557,Leyland_Trucks,United_Kingdom,1.0,Automobile
753,Radical_Sportscars,United_Kingdom,1.0,Automobile
753,Radical_Sportscars,United_Kingdom,1.0,AutomobileEngine
745,Psion_(company),United_Kingdom,1.0,InformationAppliance
915,The_London_Taxi_Company,United_Kingdom,1.0,Automobile
551,Layzell_Gyroplanes,United_Kingdom,1.0,Aircraft
590,Mantic_Games,United_Kingdom,1.0,Game
82,Apricot_Computers,United_Kingdom,1.0,InformationAppliance
164,Bowler_Offroad,United_Kingdom,1.0,Automobile
560,Lightning_Car_Company,United_Kingdom,1.0,Automobile
295,EMI,United_Kingdom,1.0,InformationAppliance
271,Dax_Cars,United_Kingdom,1.0,Automobile
228,Commer,United_Kingdom,1.0,AutomobileEngine
987,Vulcan_Foundry,United_Kingdom,1.0,Train
839,Sinclair_Research,United_Kingdom,1.0,Automobile
642,Müller_Milk_&_Ingredients,United_Kingdom,1.0,Beverage
772,Riley_Motor,United_Kingdom,1.0,Automobile
772,Riley_Motor,United_Kingdom,1.0,AutomobileEngine
919,Thruster_Air_Services,United_Kingdom,1.0,Aircraft
608,Meggitt,United_Kingdom,1.0,Aircraft
573,Lucas_Industries,United_Kingdom,1.0,InformationAppliance
886,Swift_Aircraft,United_Kingdom,1.0,Aircraft
417,HRG_Engineering_Company,United_Kingdom,1.0,Automobile
792,S._M._Jaleel_and_Company,Venezuela,0.4290115124203117,Beverage
